seed,val_size,test_size,val_pos,test_pos,val_acc,val_auc,test_acc,test_auc,all_acc,all_auc
0,1200,1200,371,370,0.810833,0.845096,0.812500,0.848290,0.811667,0.846708
1,1200,1200,371,370,0.817500,0.849014,0.805833,0.844482,0.811667,0.846708
2,1200,1200,371,370,0.820833,0.854239,0.802500,0.838766,0.811667,0.846708
3,1200,1200,371,370,0.805833,0.842300,0.817500,0.851369,0.811667,0.846708
4,1200,1200,371,370,0.809167,0.850484,0.814167,0.843795,0.811667,0.846708
5,1200,1200,371,370,0.808333,0.851646,0.815000,0.841880,0.811667,0.846708
6,1200,1200,371,370,0.817500,0.862384,0.805833,0.831309,0.811667,0.846708
7,1200,1200,371,370,0.813333,0.851152,0.810000,0.842599,0.811667,0.846708
8,1200,1200,371,370,0.816667,0.840686,0.806667,0.852631,0.811667,0.846708
9,1200,1200,371,370,0.811667,0.836846,0.811667,0.856757,0.811667,0.846708
10,1200,1200,371,370,0.831667,0.857897,0.791667,0.835241,0.811667,0.846708
11,1200,1200,371,370,0.827500,0.863990,0.795833,0.829748,0.811667,0.846708
12,1200,1200,371,370,0.804167,0.846607,0.819167,0.847253,0.811667,0.846708
13,1200,1200,371,370,0.807500,0.842729,0.815833,0.851223,0.811667,0.846708
14,1200,1200,371,370,0.819167,0.850770,0.804167,0.842551,0.811667,0.846708
15,1200,1200,371,370,0.823333,0.854100,0.800000,0.839056,0.811667,0.846708
16,1200,1200,371,370,0.800833,0.842325,0.822500,0.850345,0.811667,0.846708
17,1200,1200,371,370,0.817500,0.849632,0.805833,0.843623,0.811667,0.846708
18,1200,1200,371,370,0.812500,0.847548,0.810833,0.845897,0.811667,0.846708
19,1200,1200,371,370,0.797500,0.831892,0.825833,0.861452,0.811667,0.846708
20,1200,1200,371,370,0.800833,0.832564,0.822500,0.861768,0.811667,0.846708
21,1200,1200,371,370,0.808333,0.838941,0.815000,0.854845,0.811667,0.846708
22,1200,1200,371,370,0.806667,0.840518,0.816667,0.852823,0.811667,0.846708
23,1200,1200,371,370,0.788333,0.827240,0.835000,0.865116,0.811667,0.846708
24,1200,1200,371,370,0.824167,0.870396,0.799167,0.822392,0.811667,0.846708
25,1200,1200,371,370,0.815833,0.843750,0.807500,0.849144,0.811667,0.846708
26,1200,1200,371,370,0.819167,0.858990,0.804167,0.833769,0.811667,0.846708
27,1200,1200,371,370,0.801667,0.831494,0.821667,0.861869,0.811667,0.846708
28,1200,1200,371,370,0.822500,0.850832,0.800833,0.841828,0.811667,0.846708
29,1200,1200,371,370,0.806667,0.832936,0.816667,0.860236,0.811667,0.846708
30,1200,1200,371,370,0.826667,0.853766,0.796667,0.839271,0.811667,0.846708
31,1200,1200,371,370,0.825833,0.854799,0.797500,0.838474,0.811667,0.846708
32,1200,1200,371,370,0.820833,0.855407,0.802500,0.838541,0.811667,0.846708
33,1200,1200,371,370,0.814167,0.844223,0.809167,0.849026,0.811667,0.846708
34,1200,1200,371,370,0.805833,0.845282,0.817500,0.847317,0.811667,0.846708
35,1200,1200,371,370,0.805833,0.845321,0.817500,0.848167,0.811667,0.846708
36,1200,1200,371,370,0.815833,0.847974,0.807500,0.845459,0.811667,0.846708
37,1200,1200,371,370,0.818333,0.861640,0.805000,0.831758,0.811667,0.846708
38,1200,1200,371,370,0.799167,0.823769,0.824167,0.869756,0.811667,0.846708
39,1200,1200,371,370,0.805000,0.845709,0.818333,0.847454,0.811667,0.846708
40,1200,1200,371,370,0.824167,0.855003,0.799167,0.838714,0.811667,0.846708
41,1200,1200,371,370,0.806667,0.846169,0.816667,0.847390,0.811667,0.846708
42,1200,1200,371,370,0.814167,0.857053,0.809167,0.835462,0.811667,0.846708
43,1200,1200,371,370,0.810833,0.838086,0.812500,0.855207,0.811667,0.846708
44,1200,1200,371,370,0.815833,0.842021,0.807500,0.852034,0.811667,0.846708
45,1200,1200,371,370,0.812500,0.852924,0.810833,0.840853,0.811667,0.846708
46,1200,1200,371,370,0.812500,0.848870,0.810833,0.845103,0.811667,0.846708
47,1200,1200,371,370,0.818333,0.853088,0.805000,0.840000,0.811667,0.846708
48,1200,1200,371,370,0.816667,0.851326,0.806667,0.841436,0.811667,0.846708
49,1200,1200,371,370,0.810833,0.851302,0.812500,0.841745,0.811667,0.846708
50,1200,1200,371,370,0.811667,0.847777,0.811667,0.845814,0.811667,0.846708
51,1200,1200,371,370,0.812500,0.859128,0.810833,0.834774,0.811667,0.846708
52,1200,1200,371,370,0.815833,0.856314,0.807500,0.837007,0.811667,0.846708
53,1200,1200,371,370,0.802500,0.841346,0.820833,0.852476,0.811667,0.846708
54,1200,1200,371,370,0.811667,0.847252,0.811667,0.846770,0.811667,0.846708
55,1200,1200,371,370,0.815000,0.841629,0.808333,0.851819,0.811667,0.846708
56,1200,1200,371,370,0.815833,0.855319,0.807500,0.837994,0.811667,0.846708
57,1200,1200,371,370,0.817500,0.845597,0.805833,0.847561,0.811667,0.846708
58,1200,1200,371,370,0.795000,0.835679,0.828333,0.857099,0.811667,0.846708
59,1200,1200,371,370,0.825833,0.861506,0.797500,0.831364,0.811667,0.846708
60,1200,1200,371,370,0.812500,0.844423,0.810833,0.849048,0.811667,0.846708
61,1200,1200,371,370,0.808333,0.850900,0.815000,0.842654,0.811667,0.846708
62,1200,1200,371,370,0.832500,0.868968,0.790833,0.824852,0.811667,0.846708
63,1200,1200,371,370,0.810000,0.844155,0.813333,0.849339,0.811667,0.846708
64,1200,1200,371,370,0.805833,0.842622,0.817500,0.851006,0.811667,0.846708
65,1200,1200,371,370,0.800000,0.843864,0.823333,0.849319,0.811667,0.846708
66,1200,1200,371,370,0.795000,0.838137,0.828333,0.855142,0.811667,0.846708
67,1200,1200,371,370,0.832500,0.862638,0.790833,0.829464,0.811667,0.846708
68,1200,1200,371,370,0.800000,0.835828,0.823333,0.857540,0.811667,0.846708
69,1200,1200,371,370,0.815833,0.848933,0.807500,0.844437,0.811667,0.846708
70,1200,1200,371,370,0.824167,0.866149,0.799167,0.826755,0.811667,0.846708
71,1200,1200,371,370,0.811667,0.847320,0.811667,0.846366,0.811667,0.846708
72,1200,1200,371,370,0.821667,0.852991,0.801667,0.839987,0.811667,0.846708
73,1200,1200,371,370,0.809167,0.843757,0.814167,0.849896,0.811667,0.846708
74,1200,1200,371,370,0.821667,0.860336,0.801667,0.834175,0.811667,0.846708
75,1200,1200,371,370,0.820833,0.858035,0.802500,0.835148,0.811667,0.846708
76,1200,1200,371,370,0.824167,0.850443,0.799167,0.842753,0.811667,0.846708
77,1200,1200,371,370,0.817500,0.856033,0.805833,0.837073,0.811667,0.846708
78,1200,1200,371,370,0.809167,0.838972,0.814167,0.854598,0.811667,0.846708
79,1200,1200,371,370,0.801667,0.838277,0.821667,0.854840,0.811667,0.846708
80,1200,1200,371,370,0.811667,0.836843,0.811667,0.857281,0.811667,0.846708
81,1200,1200,371,370,0.829167,0.864192,0.794167,0.829547,0.811667,0.846708
82,1200,1200,371,370,0.787500,0.824534,0.835833,0.868826,0.811667,0.846708
83,1200,1200,371,370,0.820000,0.856208,0.803333,0.836281,0.811667,0.846708
84,1200,1200,371,370,0.800000,0.834142,0.823333,0.859222,0.811667,0.846708
85,1200,1200,371,370,0.823333,0.858899,0.800000,0.834175,0.811667,0.846708
86,1200,1200,371,370,0.802500,0.834611,0.820833,0.858948,0.811667,0.846708
87,1200,1200,371,370,0.798333,0.834950,0.825000,0.858209,0.811667,0.846708
88,1200,1200,371,370,0.805000,0.845833,0.818333,0.848595,0.811667,0.846708
89,1200,1200,371,370,0.803333,0.837303,0.820000,0.856592,0.811667,0.846708
90,1200,1200,371,370,0.809167,0.845246,0.814167,0.848170,0.811667,0.846708
91,1200,1200,371,370,0.816667,0.842424,0.806667,0.851005,0.811667,0.846708
92,1200,1200,371,370,0.819167,0.862308,0.804167,0.831190,0.811667,0.846708
93,1200,1200,371,370,0.811667,0.840523,0.811667,0.852970,0.811667,0.846708
94,1200,1200,371,370,0.800000,0.837397,0.823333,0.856008,0.811667,0.846708
95,1200,1200,371,370,0.808333,0.847540,0.815000,0.846237,0.811667,0.846708
96,1200,1200,371,370,0.812500,0.846277,0.810833,0.847353,0.811667,0.846708
97,1200,1200,371,370,0.810833,0.841803,0.812500,0.851869,0.811667,0.846708
98,1200,1200,371,370,0.806667,0.834975,0.816667,0.858522,0.811667,0.846708
99,1200,1200,371,370,0.811667,0.851111,0.811667,0.842302,0.811667,0.846708
100,1200,1200,371,370,0.806667,0.843217,0.816667,0.850291,0.811667,0.846708
101,1200,1200,371,370,0.819167,0.849320,0.804167,0.844546,0.811667,0.846708
102,1200,1200,371,370,0.808333,0.836123,0.815000,0.857613,0.811667,0.846708
103,1200,1200,371,370,0.813333,0.851941,0.810000,0.841977,0.811667,0.846708
104,1200,1200,371,370,0.804167,0.837896,0.819167,0.855003,0.811667,0.846708
105,1200,1200,371,370,0.813333,0.850422,0.810000,0.843006,0.811667,0.846708
106,1200,1200,371,370,0.819167,0.852716,0.804167,0.841412,0.811667,0.846708
107,1200,1200,371,370,0.821667,0.871621,0.801667,0.821597,0.811667,0.846708
108,1200,1200,371,370,0.797500,0.840305,0.825833,0.852962,0.811667,0.846708
109,1200,1200,371,370,0.800833,0.833336,0.822500,0.859938,0.811667,0.846708
110,1200,1200,371,370,0.806667,0.841835,0.816667,0.851784,0.811667,0.846708
111,1200,1200,371,370,0.801667,0.838018,0.821667,0.855949,0.811667,0.846708
112,1200,1200,371,370,0.800000,0.830628,0.823333,0.862115,0.811667,0.846708
113,1200,1200,371,370,0.808333,0.847576,0.815000,0.845568,0.811667,0.846708
114,1200,1200,371,370,0.815000,0.845638,0.808333,0.847432,0.811667,0.846708
115,1200,1200,371,370,0.805833,0.844854,0.817500,0.848030,0.811667,0.846708
116,1200,1200,371,370,0.794167,0.834954,0.829167,0.857187,0.811667,0.846708
117,1200,1200,371,370,0.812500,0.853122,0.810833,0.840412,0.811667,0.846708
118,1200,1200,371,370,0.819167,0.848452,0.804167,0.845190,0.811667,0.846708
119,1200,1200,371,370,0.800000,0.850154,0.823333,0.843263,0.811667,0.846708
120,1200,1200,371,370,0.799167,0.839254,0.824167,0.854516,0.811667,0.846708
121,1200,1200,371,370,0.816667,0.849344,0.806667,0.844793,0.811667,0.846708
122,1200,1200,371,370,0.820833,0.863545,0.802500,0.829606,0.811667,0.846708
123,1200,1200,371,370,0.811667,0.846433,0.811667,0.847042,0.811667,0.846708
124,1200,1200,371,370,0.810833,0.850417,0.812500,0.843255,0.811667,0.846708
125,1200,1200,371,370,0.810833,0.845464,0.812500,0.848030,0.811667,0.846708
126,1200,1200,371,370,0.805000,0.833330,0.818333,0.860075,0.811667,0.846708
127,1200,1200,371,370,0.803333,0.842708,0.820000,0.850309,0.811667,0.846708
128,1200,1200,371,370,0.812500,0.859497,0.810833,0.833393,0.811667,0.846708
129,1200,1200,371,370,0.821667,0.845947,0.801667,0.847740,0.811667,0.846708
130,1200,1200,371,370,0.818333,0.849590,0.805000,0.844306,0.811667,0.846708
131,1200,1200,371,370,0.803333,0.837062,0.820000,0.855990,0.811667,0.846708
132,1200,1200,371,370,0.798333,0.835488,0.825000,0.856999,0.811667,0.846708
133,1200,1200,371,370,0.817500,0.855081,0.805833,0.838207,0.811667,0.846708
134,1200,1200,371,370,0.806667,0.849175,0.816667,0.843603,0.811667,0.846708
135,1200,1200,371,370,0.817500,0.848452,0.805833,0.845171,0.811667,0.846708
136,1200,1200,371,370,0.821667,0.853127,0.801667,0.840317,0.811667,0.846708
137,1200,1200,371,370,0.801667,0.836830,0.821667,0.856381,0.811667,0.846708
138,1200,1200,371,370,0.804167,0.848514,0.819167,0.844420,0.811667,0.846708
139,1200,1200,371,370,0.800833,0.833030,0.822500,0.860290,0.811667,0.846708
140,1200,1200,371,370,0.802500,0.842144,0.820833,0.851250,0.811667,0.846708
141,1200,1200,371,370,0.822500,0.849748,0.800833,0.844341,0.811667,0.846708
142,1200,1200,371,370,0.810833,0.854155,0.812500,0.839173,0.811667,0.846708
143,1200,1200,371,370,0.813333,0.846550,0.810000,0.847206,0.811667,0.846708
144,1200,1200,371,370,0.805000,0.838264,0.818333,0.854904,0.811667,0.846708
145,1200,1200,371,370,0.815000,0.835942,0.808333,0.857388,0.811667,0.846708
146,1200,1200,371,370,0.817500,0.853667,0.805833,0.839445,0.811667,0.846708
147,1200,1200,371,370,0.799167,0.831996,0.824167,0.861861,0.811667,0.846708
148,1200,1200,371,370,0.819167,0.851424,0.804167,0.842141,0.811667,0.846708
149,1200,1200,371,370,0.820000,0.845439,0.803333,0.847683,0.811667,0.846708
150,1200,1200,371,370,0.797500,0.832900,0.825833,0.861107,0.811667,0.846708
151,1200,1200,371,370,0.815833,0.848585,0.807500,0.844671,0.811667,0.846708
152,1200,1200,371,370,0.814167,0.845142,0.809167,0.848557,0.811667,0.846708
153,1200,1200,371,370,0.802500,0.840749,0.820833,0.853781,0.811667,0.846708
154,1200,1200,371,370,0.792500,0.844931,0.830833,0.848414,0.811667,0.846708
155,1200,1200,371,370,0.813333,0.849422,0.810000,0.844865,0.811667,0.846708
156,1200,1200,371,370,0.815000,0.849829,0.808333,0.843225,0.811667,0.846708
157,1200,1200,371,370,0.825000,0.859864,0.798333,0.833922,0.811667,0.846708
158,1200,1200,371,370,0.800000,0.834705,0.823333,0.858273,0.811667,0.846708
159,1200,1200,371,370,0.822500,0.864226,0.800833,0.829637,0.811667,0.846708
160,1200,1200,371,370,0.811667,0.844371,0.811667,0.849357,0.811667,0.846708
161,1200,1200,371,370,0.800833,0.834828,0.822500,0.858831,0.811667,0.846708
162,1200,1200,371,370,0.815000,0.839985,0.808333,0.853652,0.811667,0.846708
163,1200,1200,371,370,0.800000,0.833473,0.823333,0.859113,0.811667,0.846708
164,1200,1200,371,370,0.830833,0.864194,0.792500,0.829378,0.811667,0.846708
165,1200,1200,371,370,0.800000,0.836565,0.823333,0.856653,0.811667,0.846708
166,1200,1200,371,370,0.827500,0.860565,0.795833,0.832688,0.811667,0.846708
167,1200,1200,371,370,0.801667,0.835596,0.821667,0.857704,0.811667,0.846708
168,1200,1200,371,370,0.814167,0.842775,0.809167,0.851029,0.811667,0.846708
169,1200,1200,371,370,0.821667,0.855176,0.801667,0.838476,0.811667,0.846708
170,1200,1200,371,370,0.800000,0.831525,0.823333,0.861576,0.811667,0.846708
171,1200,1200,371,370,0.803333,0.844506,0.820000,0.849795,0.811667,0.846708
172,1200,1200,371,370,0.811667,0.850305,0.811667,0.843136,0.811667,0.846708
173,1200,1200,371,370,0.799167,0.836069,0.824167,0.857144,0.811667,0.846708
174,1200,1200,371,370,0.794167,0.827272,0.829167,0.865956,0.811667,0.846708
175,1200,1200,371,370,0.820000,0.850661,0.803333,0.842870,0.811667,0.846708
176,1200,1200,371,370,0.814167,0.847073,0.809167,0.845918,0.811667,0.846708
177,1200,1200,371,370,0.817500,0.846651,0.805833,0.846810,0.811667,0.846708
178,1200,1200,371,370,0.825000,0.859120,0.798333,0.834331,0.811667,0.846708
179,1200,1200,371,370,0.816667,0.847558,0.806667,0.845728,0.811667,0.846708
180,1200,1200,371,370,0.820833,0.860622,0.802500,0.832457,0.811667,0.846708
181,1200,1200,371,370,0.817500,0.857065,0.805833,0.835744,0.811667,0.846708
182,1200,1200,371,370,0.801667,0.841656,0.821667,0.851399,0.811667,0.846708
183,1200,1200,371,370,0.822500,0.846296,0.800833,0.845855,0.811667,0.846708
184,1200,1200,371,370,0.809167,0.841286,0.814167,0.851933,0.811667,0.846708
185,1200,1200,371,370,0.810833,0.829134,0.812500,0.864728,0.811667,0.846708
186,1200,1200,371,370,0.819167,0.861840,0.804167,0.831755,0.811667,0.846708
187,1200,1200,371,370,0.812500,0.838550,0.810833,0.854829,0.811667,0.846708
188,1200,1200,371,370,0.811667,0.851524,0.811667,0.842794,0.811667,0.846708
189,1200,1200,371,370,0.825000,0.859445,0.798333,0.834000,0.811667,0.846708
190,1200,1200,371,370,0.810833,0.847047,0.812500,0.846063,0.811667,0.846708
191,1200,1200,371,370,0.820000,0.846218,0.803333,0.848030,0.811667,0.846708
192,1200,1200,371,370,0.810833,0.841240,0.812500,0.851977,0.811667,0.846708
193,1200,1200,371,370,0.820000,0.846534,0.803333,0.846460,0.811667,0.846708
194,1200,1200,371,370,0.810000,0.846758,0.813333,0.846706,0.811667,0.846708
195,1200,1200,371,370,0.810000,0.831746,0.813333,0.861159,0.811667,0.846708
196,1200,1200,371,370,0.810000,0.846088,0.813333,0.847594,0.811667,0.846708
197,1200,1200,371,370,0.822500,0.852215,0.800833,0.840873,0.811667,0.846708
198,1200,1200,371,370,0.820833,0.852957,0.802500,0.840537,0.811667,0.846708
199,1200,1200,371,370,0.804167,0.835076,0.819167,0.858326,0.811667,0.846708
200,1200,1200,371,370,0.810000,0.835066,0.813333,0.858157,0.811667,0.846708
201,1200,1200,371,370,0.802500,0.834601,0.820833,0.858925,0.811667,0.846708
202,1200,1200,371,370,0.808333,0.842552,0.815000,0.850599,0.811667,0.846708
203,1200,1200,371,370,0.805833,0.846096,0.817500,0.847348,0.811667,0.846708
204,1200,1200,371,370,0.805000,0.827792,0.818333,0.865873,0.811667,0.846708
205,1200,1200,371,370,0.817500,0.849034,0.805833,0.843774,0.811667,0.846708
206,1200,1200,371,370,0.817500,0.860806,0.805833,0.832064,0.811667,0.846708
207,1200,1200,371,370,0.807500,0.852085,0.815833,0.841459,0.811667,0.846708
208,1200,1200,371,370,0.814167,0.855400,0.809167,0.838152,0.811667,0.846708
209,1200,1200,371,370,0.810000,0.851227,0.813333,0.842475,0.811667,0.846708
210,1200,1200,371,370,0.805833,0.835593,0.817500,0.858919,0.811667,0.846708
211,1200,1200,371,370,0.818333,0.845989,0.805000,0.847395,0.811667,0.846708
212,1200,1200,371,370,0.809167,0.849079,0.814167,0.844512,0.811667,0.846708
213,1200,1200,371,370,0.799167,0.839242,0.824167,0.854676,0.811667,0.846708
214,1200,1200,371,370,0.802500,0.841039,0.820833,0.852563,0.811667,0.846708
215,1200,1200,371,370,0.808333,0.852011,0.815000,0.841449,0.811667,0.846708
216,1200,1200,371,370,0.817500,0.857413,0.805833,0.836081,0.811667,0.846708
217,1200,1200,371,370,0.815833,0.846033,0.807500,0.847178,0.811667,0.846708
218,1200,1200,371,370,0.812500,0.844921,0.810833,0.848318,0.811667,0.846708
219,1200,1200,371,370,0.793333,0.838587,0.830000,0.855265,0.811667,0.846708
220,1200,1200,371,370,0.806667,0.839491,0.816667,0.853787,0.811667,0.846708
221,1200,1200,371,370,0.825833,0.864624,0.797500,0.828912,0.811667,0.846708
222,1200,1200,371,370,0.820833,0.854865,0.802500,0.838644,0.811667,0.846708
223,1200,1200,371,370,0.816667,0.848167,0.806667,0.845897,0.811667,0.846708
224,1200,1200,371,370,0.825000,0.864598,0.798333,0.828530,0.811667,0.846708
225,1200,1200,371,370,0.803333,0.845597,0.820000,0.848885,0.811667,0.846708
226,1200,1200,371,370,0.810833,0.844667,0.812500,0.848779,0.811667,0.846708
227,1200,1200,371,370,0.805000,0.829272,0.818333,0.863702,0.811667,0.846708
228,1200,1200,371,370,0.819167,0.862818,0.804167,0.829801,0.811667,0.846708
229,1200,1200,371,370,0.802500,0.831164,0.820833,0.862042,0.811667,0.846708
230,1200,1200,371,370,0.823333,0.846238,0.800000,0.847190,0.811667,0.846708
231,1200,1200,371,370,0.815833,0.848974,0.807500,0.844404,0.811667,0.846708
232,1200,1200,371,370,0.816667,0.850861,0.806667,0.842680,0.811667,0.846708
233,1200,1200,371,370,0.820000,0.848439,0.803333,0.844262,0.811667,0.846708
234,1200,1200,371,370,0.800000,0.842590,0.823333,0.850656,0.811667,0.846708
235,1200,1200,371,370,0.822500,0.858157,0.800833,0.835620,0.811667,0.846708
236,1200,1200,371,370,0.809167,0.839657,0.814167,0.852993,0.811667,0.846708
237,1200,1200,371,370,0.809167,0.834807,0.814167,0.858317,0.811667,0.846708
238,1200,1200,371,370,0.808333,0.841699,0.815000,0.852064,0.811667,0.846708
239,1200,1200,371,370,0.824167,0.850086,0.799167,0.843709,0.811667,0.846708
240,1200,1200,371,370,0.805833,0.844266,0.817500,0.849010,0.811667,0.846708
241,1200,1200,371,370,0.822500,0.855251,0.800833,0.837612,0.811667,0.846708
242,1200,1200,371,370,0.813333,0.848041,0.810000,0.845635,0.811667,0.846708
243,1200,1200,371,370,0.813333,0.848442,0.810000,0.844500,0.811667,0.846708
244,1200,1200,371,370,0.810833,0.842347,0.812500,0.850957,0.811667,0.846708
245,1200,1200,371,370,0.812500,0.849808,0.810833,0.843745,0.811667,0.846708
246,1200,1200,371,370,0.818333,0.842484,0.805000,0.850985,0.811667,0.846708
247,1200,1200,371,370,0.810000,0.846332,0.813333,0.847393,0.811667,0.846708
248,1200,1200,371,370,0.803333,0.836326,0.820000,0.856701,0.811667,0.846708
249,1200,1200,371,370,0.821667,0.854734,0.801667,0.839267,0.811667,0.846708
250,1200,1200,371,370,0.808333,0.846805,0.815000,0.846576,0.811667,0.846708
251,1200,1200,371,370,0.801667,0.845132,0.821667,0.848559,0.811667,0.846708
252,1200,1200,371,370,0.805000,0.837059,0.818333,0.856563,0.811667,0.846708
253,1200,1200,371,370,0.825000,0.860692,0.798333,0.832781,0.811667,0.846708
254,1200,1200,371,370,0.805000,0.844755,0.818333,0.847918,0.811667,0.846708
255,1200,1200,371,370,0.817500,0.856260,0.805833,0.837489,0.811667,0.846708
256,1200,1200,371,370,0.810000,0.845249,0.813333,0.848360,0.811667,0.846708
257,1200,1200,371,370,0.819167,0.842120,0.804167,0.850739,0.811667,0.846708
258,1200,1200,371,370,0.814167,0.847439,0.809167,0.846019,0.811667,0.846708
259,1200,1200,371,370,0.812500,0.839244,0.810833,0.854331,0.811667,0.846708
260,1200,1200,371,370,0.807500,0.839387,0.815833,0.853347,0.811667,0.846708
261,1200,1200,371,370,0.820000,0.841681,0.803333,0.851128,0.811667,0.846708
262,1200,1200,371,370,0.810000,0.840483,0.813333,0.852356,0.811667,0.846708
263,1200,1200,371,370,0.800833,0.832523,0.822500,0.860996,0.811667,0.846708
264,1200,1200,371,370,0.798333,0.838821,0.825000,0.854596,0.811667,0.846708
265,1200,1200,371,370,0.801667,0.848029,0.821667,0.845370,0.811667,0.846708
266,1200,1200,371,370,0.809167,0.836665,0.814167,0.858020,0.811667,0.846708
267,1200,1200,371,370,0.819167,0.843323,0.804167,0.849954,0.811667,0.846708
268,1200,1200,371,370,0.816667,0.849847,0.806667,0.843623,0.811667,0.846708
269,1200,1200,371,370,0.815833,0.848948,0.807500,0.844743,0.811667,0.846708
270,1200,1200,371,370,0.817500,0.848143,0.805833,0.844884,0.811667,0.846708
271,1200,1200,371,370,0.805833,0.847403,0.817500,0.846508,0.811667,0.846708
272,1200,1200,371,370,0.814167,0.841494,0.809167,0.851742,0.811667,0.846708
273,1200,1200,371,370,0.818333,0.848219,0.805000,0.845471,0.811667,0.846708
274,1200,1200,371,370,0.798333,0.839177,0.825000,0.854546,0.811667,0.846708
275,1200,1200,371,370,0.817500,0.857130,0.805833,0.836438,0.811667,0.846708
276,1200,1200,371,370,0.817500,0.854864,0.805833,0.838699,0.811667,0.846708
277,1200,1200,371,370,0.805000,0.839663,0.818333,0.853875,0.811667,0.846708
278,1200,1200,371,370,0.818333,0.850265,0.805000,0.843982,0.811667,0.846708
279,1200,1200,371,370,0.808333,0.844779,0.815000,0.848562,0.811667,0.846708
280,1200,1200,371,370,0.817500,0.843750,0.805833,0.849673,0.811667,0.846708
281,1200,1200,371,370,0.813333,0.849869,0.810000,0.843634,0.811667,0.846708
282,1200,1200,371,370,0.818333,0.852173,0.805000,0.841236,0.811667,0.846708
283,1200,1200,371,370,0.806667,0.845457,0.816667,0.847748,0.811667,0.846708
284,1200,1200,371,370,0.800000,0.840141,0.823333,0.853457,0.811667,0.846708
285,1200,1200,371,370,0.813333,0.854504,0.810000,0.838829,0.811667,0.846708
286,1200,1200,371,370,0.813333,0.854132,0.810000,0.839415,0.811667,0.846708
287,1200,1200,371,370,0.825833,0.855753,0.797500,0.837485,0.811667,0.846708
288,1200,1200,371,370,0.805833,0.838044,0.817500,0.854904,0.811667,0.846708
289,1200,1200,371,370,0.819167,0.847535,0.804167,0.845464,0.811667,0.846708
290,1200,1200,371,370,0.808333,0.849273,0.815000,0.844394,0.811667,0.846708
291,1200,1200,371,370,0.805000,0.831447,0.818333,0.861708,0.811667,0.846708
292,1200,1200,371,370,0.815000,0.843962,0.808333,0.849280,0.811667,0.846708
293,1200,1200,371,370,0.818333,0.848764,0.805000,0.844743,0.811667,0.846708
294,1200,1200,371,370,0.822500,0.851020,0.800833,0.841962,0.811667,0.846708
295,1200,1200,371,370,0.807500,0.845847,0.815833,0.847489,0.811667,0.846708
296,1200,1200,371,370,0.811667,0.845978,0.811667,0.847708,0.811667,0.846708
297,1200,1200,371,370,0.818333,0.843341,0.805000,0.850285,0.811667,0.846708
298,1200,1200,371,370,0.795833,0.835981,0.827500,0.857196,0.811667,0.846708
299,1200,1200,371,370,0.820833,0.852432,0.802500,0.840764,0.811667,0.846708
300,1200,1200,371,370,0.813333,0.846086,0.810000,0.847397,0.811667,0.846708
301,1200,1200,371,370,0.810000,0.850708,0.813333,0.842652,0.811667,0.846708
302,1200,1200,371,370,0.818333,0.844232,0.805000,0.849456,0.811667,0.846708
303,1200,1200,371,370,0.817500,0.862552,0.805833,0.830684,0.811667,0.846708
304,1200,1200,371,370,0.813333,0.859164,0.810000,0.833533,0.811667,0.846708
305,1200,1200,371,370,0.803333,0.840749,0.820000,0.852040,0.811667,0.846708
306,1200,1200,371,370,0.810833,0.843867,0.812500,0.849044,0.811667,0.846708
307,1200,1200,371,370,0.815833,0.852262,0.807500,0.841140,0.811667,0.846708
308,1200,1200,371,370,0.830000,0.868570,0.793333,0.823826,0.811667,0.846708
309,1200,1200,371,370,0.825000,0.861628,0.798333,0.831377,0.811667,0.846708
310,1200,1200,371,370,0.804167,0.850261,0.819167,0.843577,0.811667,0.846708
311,1200,1200,371,370,0.821667,0.857353,0.801667,0.835669,0.811667,0.846708
312,1200,1200,371,370,0.811667,0.846025,0.811667,0.846651,0.811667,0.846708
313,1200,1200,371,370,0.815000,0.850170,0.808333,0.843544,0.811667,0.846708
314,1200,1200,371,370,0.823333,0.855358,0.800000,0.837716,0.811667,0.846708
315,1200,1200,371,370,0.816667,0.849764,0.806667,0.844052,0.811667,0.846708
316,1200,1200,371,370,0.808333,0.844698,0.815000,0.849092,0.811667,0.846708
317,1200,1200,371,370,0.827500,0.854129,0.795833,0.839853,0.811667,0.846708
318,1200,1200,371,370,0.815833,0.852077,0.807500,0.841332,0.811667,0.846708
319,1200,1200,371,370,0.809167,0.850245,0.814167,0.843126,0.811667,0.846708
320,1200,1200,371,370,0.808333,0.847792,0.815000,0.845734,0.811667,0.846708
321,1200,1200,371,370,0.803333,0.838166,0.820000,0.855532,0.811667,0.846708
322,1200,1200,371,370,0.803333,0.839914,0.820000,0.853351,0.811667,0.846708
323,1200,1200,371,370,0.816667,0.854205,0.806667,0.839461,0.811667,0.846708
324,1200,1200,371,370,0.811667,0.836604,0.811667,0.857232,0.811667,0.846708
325,1200,1200,371,370,0.816667,0.851947,0.806667,0.841278,0.811667,0.846708
326,1200,1200,371,370,0.807500,0.843285,0.815833,0.850563,0.811667,0.846708
327,1200,1200,371,370,0.810000,0.850529,0.813333,0.842760,0.811667,0.846708
328,1200,1200,371,370,0.810833,0.844615,0.812500,0.848854,0.811667,0.846708
329,1200,1200,371,370,0.817500,0.844342,0.805833,0.848888,0.811667,0.846708
330,1200,1200,371,370,0.810000,0.837597,0.813333,0.855865,0.811667,0.846708
331,1200,1200,371,370,0.813333,0.847860,0.810000,0.845589,0.811667,0.846708
332,1200,1200,371,370,0.807500,0.833164,0.815833,0.860261,0.811667,0.846708
333,1200,1200,371,370,0.811667,0.842138,0.811667,0.850930,0.811667,0.846708
334,1200,1200,371,370,0.793333,0.834051,0.830000,0.859643,0.811667,0.846708
335,1200,1200,371,370,0.813333,0.836477,0.810000,0.856705,0.811667,0.846708
336,1200,1200,371,370,0.793333,0.831336,0.830000,0.862846,0.811667,0.846708
337,1200,1200,371,370,0.805833,0.842035,0.817500,0.851361,0.811667,0.846708
338,1200,1200,371,370,0.805000,0.838852,0.818333,0.855633,0.811667,0.846708
339,1200,1200,371,370,0.818333,0.852801,0.805000,0.840166,0.811667,0.846708
340,1200,1200,371,370,0.812500,0.849140,0.810833,0.844194,0.811667,0.846708
341,1200,1200,371,370,0.802500,0.847449,0.820833,0.846685,0.811667,0.846708
342,1200,1200,371,370,0.821667,0.852132,0.801667,0.841218,0.811667,0.846708
343,1200,1200,371,370,0.810833,0.841354,0.812500,0.851690,0.811667,0.846708
344,1200,1200,371,370,0.805000,0.834985,0.818333,0.858741,0.811667,0.846708
345,1200,1200,371,370,0.812500,0.845600,0.810833,0.848297,0.811667,0.846708
346,1200,1200,371,370,0.820000,0.856948,0.803333,0.836454,0.811667,0.846708
347,1200,1200,371,370,0.810000,0.852341,0.813333,0.841410,0.811667,0.846708
348,1200,1200,371,370,0.820000,0.845831,0.803333,0.847040,0.811667,0.846708
349,1200,1200,371,370,0.815833,0.849035,0.807500,0.844699,0.811667,0.846708
350,1200,1200,371,370,0.795833,0.841645,0.827500,0.851501,0.811667,0.846708
351,1200,1200,371,370,0.805000,0.843313,0.818333,0.850090,0.811667,0.846708
352,1200,1200,371,370,0.816667,0.851983,0.806667,0.841701,0.811667,0.846708
353,1200,1200,371,370,0.800000,0.844331,0.823333,0.850220,0.811667,0.846708
354,1200,1200,371,370,0.808333,0.853407,0.815000,0.839865,0.811667,0.846708
355,1200,1200,371,370,0.806667,0.845147,0.816667,0.848971,0.811667,0.846708
356,1200,1200,371,370,0.805000,0.846961,0.818333,0.846480,0.811667,0.846708
357,1200,1200,371,370,0.816667,0.858089,0.806667,0.835384,0.811667,0.846708
358,1200,1200,371,370,0.812500,0.850321,0.810833,0.842607,0.811667,0.846708
359,1200,1200,371,370,0.805000,0.833482,0.818333,0.859658,0.811667,0.846708
360,1200,1200,371,370,0.813333,0.846402,0.810000,0.846949,0.811667,0.846708
361,1200,1200,371,370,0.821667,0.857619,0.801667,0.835720,0.811667,0.846708
362,1200,1200,371,370,0.820833,0.860443,0.802500,0.832465,0.811667,0.846708
363,1200,1200,371,370,0.816667,0.846716,0.806667,0.846208,0.811667,0.846708
364,1200,1200,371,370,0.815000,0.848471,0.808333,0.845101,0.811667,0.846708
365,1200,1200,371,370,0.805833,0.842238,0.817500,0.850550,0.811667,0.846708
366,1200,1200,371,370,0.807500,0.844864,0.815833,0.848639,0.811667,0.846708
367,1200,1200,371,370,0.820833,0.862383,0.802500,0.830694,0.811667,0.846708
368,1200,1200,371,370,0.819167,0.849816,0.804167,0.843559,0.811667,0.846708
369,1200,1200,371,370,0.814167,0.857383,0.809167,0.835627,0.811667,0.846708
370,1200,1200,371,370,0.805833,0.836838,0.817500,0.856364,0.811667,0.846708
371,1200,1200,371,370,0.807500,0.840125,0.815833,0.852587,0.811667,0.846708
372,1200,1200,371,370,0.798333,0.832962,0.825000,0.859901,0.811667,0.846708
373,1200,1200,371,370,0.807500,0.835271,0.815833,0.858266,0.811667,0.846708
374,1200,1200,371,370,0.812500,0.846249,0.810833,0.846773,0.811667,0.846708
375,1200,1200,371,370,0.806667,0.841260,0.816667,0.851692,0.811667,0.846708
376,1200,1200,371,370,0.807500,0.842125,0.815833,0.851796,0.811667,0.846708
377,1200,1200,371,370,0.803333,0.847665,0.820000,0.844834,0.811667,0.846708
378,1200,1200,371,370,0.814167,0.845810,0.809167,0.847424,0.811667,0.846708
379,1200,1200,371,370,0.790833,0.835537,0.832500,0.858470,0.811667,0.846708
380,1200,1200,371,370,0.809167,0.841795,0.814167,0.851929,0.811667,0.846708
381,1200,1200,371,370,0.814167,0.859242,0.809167,0.834087,0.811667,0.846708
382,1200,1200,371,370,0.820000,0.846309,0.803333,0.846907,0.811667,0.846708
383,1200,1200,371,370,0.816667,0.860484,0.806667,0.833546,0.811667,0.846708
384,1200,1200,371,370,0.813333,0.846797,0.810000,0.847336,0.811667,0.846708
385,1200,1200,371,370,0.812500,0.843211,0.810833,0.850576,0.811667,0.846708
386,1200,1200,371,370,0.808333,0.832440,0.815000,0.860889,0.811667,0.846708
387,1200,1200,371,370,0.807500,0.849850,0.815833,0.843621,0.811667,0.846708
388,1200,1200,371,370,0.805000,0.840086,0.818333,0.853300,0.811667,0.846708
389,1200,1200,371,370,0.811667,0.849440,0.811667,0.843784,0.811667,0.846708
390,1200,1200,371,370,0.815833,0.854020,0.807500,0.838821,0.811667,0.846708
391,1200,1200,371,370,0.798333,0.838688,0.825000,0.855044,0.811667,0.846708
392,1200,1200,371,370,0.816667,0.856161,0.806667,0.837660,0.811667,0.846708
393,1200,1200,371,370,0.820833,0.859299,0.802500,0.834528,0.811667,0.846708
394,1200,1200,371,370,0.814167,0.860167,0.809167,0.832423,0.811667,0.846708
395,1200,1200,371,370,0.809167,0.850170,0.814167,0.843175,0.811667,0.846708
396,1200,1200,371,370,0.815000,0.834149,0.808333,0.858667,0.811667,0.846708
397,1200,1200,371,370,0.808333,0.856801,0.815000,0.836840,0.811667,0.846708
398,1200,1200,371,370,0.815000,0.857279,0.808333,0.836358,0.811667,0.846708
399,1200,1200,371,370,0.815833,0.855189,0.807500,0.837636,0.811667,0.846708
400,1200,1200,371,370,0.819167,0.852106,0.804167,0.841543,0.811667,0.846708
401,1200,1200,371,370,0.822500,0.858469,0.800833,0.835308,0.811667,0.846708
402,1200,1200,371,370,0.795833,0.826617,0.827500,0.866392,0.811667,0.846708
403,1200,1200,371,370,0.815000,0.851365,0.808333,0.842144,0.811667,0.846708
404,1200,1200,371,370,0.820833,0.853987,0.802500,0.839013,0.811667,0.846708
405,1200,1200,371,370,0.816667,0.849811,0.806667,0.843650,0.811667,0.846708
406,1200,1200,371,370,0.806667,0.846205,0.816667,0.847418,0.811667,0.846708
407,1200,1200,371,370,0.821667,0.851479,0.801667,0.841791,0.811667,0.846708
408,1200,1200,371,370,0.828333,0.857318,0.795000,0.835974,0.811667,0.846708
409,1200,1200,371,370,0.791667,0.827801,0.831667,0.865103,0.811667,0.846708
410,1200,1200,371,370,0.815833,0.859008,0.807500,0.834479,0.811667,0.846708
411,1200,1200,371,370,0.812500,0.844846,0.810833,0.848704,0.811667,0.846708
412,1200,1200,371,370,0.817500,0.839709,0.805833,0.854466,0.811667,0.846708
413,1200,1200,371,370,0.820833,0.860724,0.802500,0.833012,0.811667,0.846708
414,1200,1200,371,370,0.815833,0.846436,0.807500,0.847107,0.811667,0.846708
415,1200,1200,371,370,0.815000,0.854984,0.808333,0.839096,0.811667,0.846708
416,1200,1200,371,370,0.804167,0.840844,0.819167,0.852903,0.811667,0.846708
417,1200,1200,371,370,0.813333,0.842411,0.810000,0.851604,0.811667,0.846708
418,1200,1200,371,370,0.806667,0.842772,0.816667,0.850518,0.811667,0.846708
419,1200,1200,371,370,0.805833,0.840470,0.817500,0.853683,0.811667,0.846708
420,1200,1200,371,370,0.819167,0.853469,0.804167,0.840423,0.811667,0.846708
421,1200,1200,371,370,0.814167,0.846244,0.809167,0.846975,0.811667,0.846708
422,1200,1200,371,370,0.819167,0.861758,0.804167,0.831565,0.811667,0.846708
423,1200,1200,371,370,0.815000,0.845313,0.808333,0.847709,0.811667,0.846708
424,1200,1200,371,370,0.822500,0.847589,0.800833,0.845900,0.811667,0.846708
425,1200,1200,371,370,0.816667,0.847517,0.806667,0.845611,0.811667,0.846708
426,1200,1200,371,370,0.799167,0.837280,0.824167,0.856107,0.811667,0.846708
427,1200,1200,371,370,0.818333,0.857683,0.805000,0.835521,0.811667,0.846708
428,1200,1200,371,370,0.805000,0.836256,0.818333,0.856926,0.811667,0.846708
429,1200,1200,371,370,0.799167,0.833723,0.824167,0.859700,0.811667,0.846708
430,1200,1200,371,370,0.811667,0.831735,0.811667,0.861159,0.811667,0.846708
431,1200,1200,371,370,0.817500,0.847340,0.805833,0.846565,0.811667,0.846708
432,1200,1200,371,370,0.814167,0.845095,0.809167,0.848258,0.811667,0.846708
433,1200,1200,371,370,0.822500,0.856327,0.800833,0.836288,0.811667,0.846708
434,1200,1200,371,370,0.808333,0.849182,0.815000,0.844601,0.811667,0.846708
435,1200,1200,371,370,0.812500,0.855585,0.810833,0.838199,0.811667,0.846708
436,1200,1200,371,370,0.805833,0.838145,0.817500,0.856094,0.811667,0.846708
437,1200,1200,371,370,0.820000,0.854633,0.803333,0.838868,0.811667,0.846708
438,1200,1200,371,370,0.802500,0.845586,0.820833,0.848051,0.811667,0.846708
439,1200,1200,371,370,0.805000,0.847628,0.818333,0.846524,0.811667,0.846708
440,1200,1200,371,370,0.830000,0.861006,0.793333,0.832346,0.811667,0.846708
441,1200,1200,371,370,0.805833,0.840718,0.817500,0.852405,0.811667,0.846708
442,1200,1200,371,370,0.802500,0.841224,0.820833,0.853943,0.811667,0.846708
443,1200,1200,371,370,0.803333,0.830576,0.820000,0.862882,0.811667,0.846708
444,1200,1200,371,370,0.812500,0.851134,0.810833,0.842393,0.811667,0.846708
445,1200,1200,371,370,0.810833,0.840637,0.812500,0.852771,0.811667,0.846708
446,1200,1200,371,370,0.810000,0.842359,0.813333,0.851218,0.811667,0.846708
447,1200,1200,371,370,0.807500,0.844405,0.815833,0.848841,0.811667,0.846708
448,1200,1200,371,370,0.802500,0.836966,0.820833,0.856467,0.811667,0.846708
449,1200,1200,371,370,0.812500,0.841087,0.810833,0.852428,0.811667,0.846708
450,1200,1200,371,370,0.805833,0.841934,0.817500,0.851065,0.811667,0.846708
451,1200,1200,371,370,0.821667,0.854103,0.801667,0.839761,0.811667,0.846708
452,1200,1200,371,370,0.799167,0.841582,0.824167,0.851740,0.811667,0.846708
453,1200,1200,371,370,0.800000,0.828862,0.823333,0.863995,0.811667,0.846708
454,1200,1200,371,370,0.814167,0.854548,0.809167,0.839490,0.811667,0.846708
455,1200,1200,371,370,0.823333,0.857413,0.800000,0.836482,0.811667,0.846708
456,1200,1200,371,370,0.802500,0.851612,0.820833,0.841472,0.811667,0.846708
457,1200,1200,371,370,0.813333,0.845436,0.810000,0.847761,0.811667,0.846708
458,1200,1200,371,370,0.821667,0.859768,0.801667,0.834393,0.811667,0.846708
459,1200,1200,371,370,0.800833,0.835373,0.822500,0.857735,0.811667,0.846708
460,1200,1200,371,370,0.805833,0.847353,0.817500,0.846114,0.811667,0.846708
461,1200,1200,371,370,0.812500,0.851445,0.810833,0.841734,0.811667,0.846708
462,1200,1200,371,370,0.798333,0.833276,0.825000,0.859824,0.811667,0.846708
463,1200,1200,371,370,0.811667,0.852558,0.811667,0.840731,0.811667,0.846708
464,1200,1200,371,370,0.800833,0.838247,0.822500,0.855177,0.811667,0.846708
465,1200,1200,371,370,0.808333,0.850432,0.815000,0.842784,0.811667,0.846708
466,1200,1200,371,370,0.814167,0.838177,0.809167,0.854640,0.811667,0.846708
467,1200,1200,371,370,0.806667,0.837563,0.816667,0.856232,0.811667,0.846708
468,1200,1200,371,370,0.806667,0.850552,0.816667,0.842709,0.811667,0.846708
469,1200,1200,371,370,0.826667,0.858413,0.796667,0.835002,0.811667,0.846708
470,1200,1200,371,370,0.817500,0.846638,0.805833,0.847038,0.811667,0.846708
471,1200,1200,371,370,0.815000,0.854264,0.808333,0.839202,0.811667,0.846708
472,1200,1200,371,370,0.821667,0.857975,0.801667,0.834997,0.811667,0.846708
473,1200,1200,371,370,0.805000,0.829438,0.818333,0.863864,0.811667,0.846708
474,1200,1200,371,370,0.815833,0.846768,0.807500,0.846104,0.811667,0.846708
475,1200,1200,371,370,0.813333,0.850248,0.810000,0.843538,0.811667,0.846708
476,1200,1200,371,370,0.821667,0.860352,0.801667,0.832953,0.811667,0.846708
477,1200,1200,371,370,0.816667,0.842707,0.806667,0.850904,0.811667,0.846708
478,1200,1200,371,370,0.812500,0.843708,0.810833,0.849798,0.811667,0.846708
479,1200,1200,371,370,0.804167,0.835134,0.819167,0.858388,0.811667,0.846708
480,1200,1200,371,370,0.814167,0.852736,0.809167,0.840562,0.811667,0.846708
481,1200,1200,371,370,0.821667,0.864598,0.801667,0.827909,0.811667,0.846708
482,1200,1200,371,370,0.801667,0.837628,0.821667,0.855760,0.811667,0.846708
483,1200,1200,371,370,0.803333,0.844134,0.820000,0.849251,0.811667,0.846708
484,1200,1200,371,370,0.825000,0.854525,0.798333,0.839336,0.811667,0.846708
485,1200,1200,371,370,0.809167,0.848275,0.814167,0.845648,0.811667,0.846708
486,1200,1200,371,370,0.813333,0.848439,0.810000,0.844472,0.811667,0.846708
487,1200,1200,371,370,0.806667,0.851450,0.816667,0.842050,0.811667,0.846708
488,1200,1200,371,370,0.790833,0.833882,0.832500,0.858063,0.811667,0.846708
489,1200,1200,371,370,0.808333,0.845698,0.815000,0.847307,0.811667,0.846708
490,1200,1200,371,370,0.813333,0.850328,0.810000,0.843445,0.811667,0.846708
491,1200,1200,371,370,0.810000,0.847961,0.813333,0.845869,0.811667,0.846708
492,1200,1200,371,370,0.800000,0.850882,0.823333,0.842193,0.811667,0.846708
493,1200,1200,371,370,0.805833,0.843796,0.817500,0.849516,0.811667,0.846708
494,1200,1200,371,370,0.810000,0.848902,0.813333,0.844678,0.811667,0.846708
495,1200,1200,371,370,0.810833,0.840970,0.812500,0.852623,0.811667,0.846708
496,1200,1200,371,370,0.815833,0.844410,0.807500,0.849059,0.811667,0.846708
497,1200,1200,371,370,0.823333,0.862002,0.800000,0.830431,0.811667,0.846708
498,1200,1200,371,370,0.811667,0.841074,0.811667,0.852699,0.811667,0.846708
499,1200,1200,371,370,0.809167,0.850780,0.814167,0.842545,0.811667,0.846708
500,1200,1200,371,370,0.804167,0.844914,0.819167,0.848343,0.811667,0.846708
501,1200,1200,371,370,0.810000,0.841429,0.813333,0.851677,0.811667,0.846708
502,1200,1200,371,370,0.803333,0.838650,0.820000,0.855331,0.811667,0.846708
503,1200,1200,371,370,0.802500,0.847151,0.820833,0.846122,0.811667,0.846708
504,1200,1200,371,370,0.809167,0.842092,0.814167,0.851547,0.811667,0.846708
505,1200,1200,371,370,0.810833,0.839554,0.812500,0.853917,0.811667,0.846708
506,1200,1200,371,370,0.798333,0.831397,0.825000,0.861778,0.811667,0.846708
507,1200,1200,371,370,0.813333,0.843370,0.810000,0.850132,0.811667,0.846708
508,1200,1200,371,370,0.807500,0.846782,0.815833,0.846745,0.811667,0.846708
509,1200,1200,371,370,0.805000,0.846709,0.818333,0.846576,0.811667,0.846708
510,1200,1200,371,370,0.805000,0.840970,0.818333,0.852064,0.811667,0.846708
511,1200,1200,371,370,0.812500,0.843877,0.810833,0.849938,0.811667,0.846708
512,1200,1200,371,370,0.820833,0.859352,0.802500,0.834196,0.811667,0.846708
513,1200,1200,371,370,0.811667,0.853306,0.811667,0.840547,0.811667,0.846708
514,1200,1200,371,370,0.810833,0.845916,0.812500,0.847058,0.811667,0.846708
515,1200,1200,371,370,0.811667,0.847831,0.811667,0.845868,0.811667,0.846708
516,1200,1200,371,370,0.818333,0.853261,0.805000,0.840694,0.811667,0.846708
517,1200,1200,371,370,0.802500,0.838356,0.820833,0.855342,0.811667,0.846708
518,1200,1200,371,370,0.813333,0.849140,0.810000,0.844394,0.811667,0.846708
519,1200,1200,371,370,0.805000,0.831528,0.818333,0.861158,0.811667,0.846708
520,1200,1200,371,370,0.809167,0.847381,0.814167,0.846008,0.811667,0.846708
521,1200,1200,371,370,0.801667,0.831224,0.821667,0.862520,0.811667,0.846708
522,1200,1200,371,370,0.804167,0.847366,0.819167,0.845497,0.811667,0.846708
523,1200,1200,371,370,0.799167,0.835997,0.824167,0.859248,0.811667,0.846708
524,1200,1200,371,370,0.810833,0.848831,0.812500,0.844162,0.811667,0.846708
525,1200,1200,371,370,0.809167,0.840231,0.814167,0.853268,0.811667,0.846708
526,1200,1200,371,370,0.818333,0.841523,0.805000,0.851259,0.811667,0.846708
527,1200,1200,371,370,0.806667,0.842290,0.816667,0.851229,0.811667,0.846708
528,1200,1200,371,370,0.817500,0.851867,0.805833,0.842266,0.811667,0.846708
529,1200,1200,371,370,0.803333,0.839089,0.820000,0.854523,0.811667,0.846708
530,1200,1200,371,370,0.806667,0.845831,0.816667,0.847934,0.811667,0.846708
531,1200,1200,371,370,0.808333,0.839984,0.815000,0.853510,0.811667,0.846708
532,1200,1200,371,370,0.805000,0.843129,0.818333,0.849904,0.811667,0.846708
533,1200,1200,371,370,0.805000,0.844524,0.818333,0.849262,0.811667,0.846708
534,1200,1200,371,370,0.796667,0.838493,0.826667,0.854599,0.811667,0.846708
535,1200,1200,371,370,0.797500,0.842627,0.825833,0.851527,0.811667,0.846708
536,1200,1200,371,370,0.814167,0.845524,0.809167,0.848064,0.811667,0.846708
537,1200,1200,371,370,0.811667,0.847675,0.811667,0.845904,0.811667,0.846708
538,1200,1200,371,370,0.825000,0.859513,0.798333,0.833899,0.811667,0.846708
539,1200,1200,371,370,0.820833,0.858689,0.802500,0.834332,0.811667,0.846708
540,1200,1200,371,370,0.817500,0.851663,0.805833,0.842301,0.811667,0.846708
541,1200,1200,371,370,0.805833,0.850131,0.817500,0.843315,0.811667,0.846708
542,1200,1200,371,370,0.816667,0.847624,0.806667,0.846035,0.811667,0.846708
543,1200,1200,371,370,0.807500,0.841213,0.815833,0.851885,0.811667,0.846708
544,1200,1200,371,370,0.816667,0.846020,0.806667,0.847413,0.811667,0.846708
545,1200,1200,371,370,0.815000,0.845691,0.808333,0.848049,0.811667,0.846708
546,1200,1200,371,370,0.804167,0.846091,0.819167,0.848043,0.811667,0.846708
547,1200,1200,371,370,0.816667,0.840135,0.806667,0.853222,0.811667,0.846708
548,1200,1200,371,370,0.810833,0.842276,0.812500,0.851482,0.811667,0.846708
549,1200,1200,371,370,0.818333,0.852919,0.805000,0.841169,0.811667,0.846708
550,1200,1200,371,370,0.799167,0.845321,0.824167,0.848655,0.811667,0.846708
551,1200,1200,371,370,0.815000,0.864628,0.808333,0.830446,0.811667,0.846708
552,1200,1200,371,370,0.806667,0.843479,0.816667,0.849591,0.811667,0.846708
553,1200,1200,371,370,0.806667,0.845054,0.816667,0.848974,0.811667,0.846708
554,1200,1200,371,370,0.824167,0.862272,0.799167,0.831483,0.811667,0.846708
555,1200,1200,371,370,0.815000,0.840528,0.808333,0.852304,0.811667,0.846708
556,1200,1200,371,370,0.815000,0.853436,0.808333,0.840358,0.811667,0.846708
557,1200,1200,371,370,0.806667,0.840624,0.816667,0.852616,0.811667,0.846708
558,1200,1200,371,370,0.816667,0.843623,0.806667,0.849759,0.811667,0.846708
559,1200,1200,371,370,0.816667,0.852976,0.806667,0.840988,0.811667,0.846708
560,1200,1200,371,370,0.809167,0.846200,0.814167,0.847374,0.811667,0.846708
561,1200,1200,371,370,0.814167,0.850614,0.809167,0.842760,0.811667,0.846708
562,1200,1200,371,370,0.827500,0.854174,0.795833,0.838899,0.811667,0.846708
563,1200,1200,371,370,0.795000,0.836665,0.828333,0.856377,0.811667,0.846708
564,1200,1200,371,370,0.799167,0.836675,0.824167,0.856915,0.811667,0.846708
565,1200,1200,371,370,0.816667,0.849619,0.806667,0.844077,0.811667,0.846708
566,1200,1200,371,370,0.813333,0.844781,0.810000,0.848802,0.811667,0.846708
567,1200,1200,371,370,0.806667,0.844688,0.816667,0.848255,0.811667,0.846708
568,1200,1200,371,370,0.810833,0.850533,0.812500,0.842950,0.811667,0.846708
569,1200,1200,371,370,0.816667,0.856046,0.806667,0.837857,0.811667,0.846708
570,1200,1200,371,370,0.820000,0.852607,0.803333,0.841936,0.811667,0.846708
571,1200,1200,371,370,0.830000,0.857988,0.793333,0.835075,0.811667,0.846708
572,1200,1200,371,370,0.819167,0.855158,0.804167,0.838212,0.811667,0.846708
573,1200,1200,371,370,0.797500,0.828347,0.825833,0.865003,0.811667,0.846708
574,1200,1200,371,370,0.814167,0.846351,0.809167,0.846382,0.811667,0.846708
575,1200,1200,371,370,0.803333,0.832073,0.820000,0.861000,0.811667,0.846708
576,1200,1200,371,370,0.832500,0.863880,0.790833,0.828688,0.811667,0.846708
577,1200,1200,371,370,0.814167,0.844753,0.809167,0.848567,0.811667,0.846708
578,1200,1200,371,370,0.804167,0.841718,0.819167,0.851630,0.811667,0.846708
579,1200,1200,371,370,0.805000,0.839280,0.818333,0.854258,0.811667,0.846708
580,1200,1200,371,370,0.810833,0.845610,0.812500,0.847875,0.811667,0.846708
581,1200,1200,371,370,0.820000,0.847405,0.803333,0.845526,0.811667,0.846708
582,1200,1200,371,370,0.820000,0.848414,0.803333,0.844259,0.811667,0.846708
583,1200,1200,371,370,0.807500,0.841931,0.815833,0.851675,0.811667,0.846708
584,1200,1200,371,370,0.808333,0.839068,0.815000,0.854656,0.811667,0.846708
585,1200,1200,371,370,0.820000,0.855132,0.803333,0.838237,0.811667,0.846708
586,1200,1200,371,370,0.807500,0.842349,0.815833,0.851223,0.811667,0.846708
587,1200,1200,371,370,0.811667,0.849616,0.811667,0.844109,0.811667,0.846708
588,1200,1200,371,370,0.819167,0.851056,0.804167,0.842813,0.811667,0.846708
589,1200,1200,371,370,0.815833,0.849081,0.807500,0.843797,0.811667,0.846708
590,1200,1200,371,370,0.809167,0.846938,0.814167,0.846708,0.811667,0.846708
591,1200,1200,371,370,0.795000,0.837534,0.828333,0.856040,0.811667,0.846708
592,1200,1200,371,370,0.809167,0.851598,0.814167,0.841200,0.811667,0.846708
593,1200,1200,371,370,0.811667,0.853287,0.811667,0.839712,0.811667,0.846708
594,1200,1200,371,370,0.819167,0.853345,0.804167,0.840050,0.811667,0.846708
595,1200,1200,371,370,0.803333,0.836890,0.820000,0.856524,0.811667,0.846708
596,1200,1200,371,370,0.818333,0.859100,0.805000,0.834697,0.811667,0.846708
597,1200,1200,371,370,0.805000,0.835223,0.818333,0.857323,0.811667,0.846708
598,1200,1200,371,370,0.799167,0.823219,0.824167,0.870293,0.811667,0.846708
599,1200,1200,371,370,0.815000,0.851126,0.808333,0.842452,0.811667,0.846708
600,1200,1200,371,370,0.804167,0.840808,0.819167,0.852442,0.811667,0.846708
601,1200,1200,371,370,0.824167,0.853644,0.799167,0.839614,0.811667,0.846708
602,1200,1200,371,370,0.800833,0.839566,0.822500,0.853347,0.811667,0.846708
603,1200,1200,371,370,0.810833,0.841806,0.812500,0.851436,0.811667,0.846708
604,1200,1200,371,370,0.813333,0.850663,0.810000,0.843717,0.811667,0.846708
605,1200,1200,371,370,0.818333,0.849832,0.805000,0.843974,0.811667,0.846708
606,1200,1200,371,370,0.796667,0.840216,0.826667,0.852918,0.811667,0.846708
607,1200,1200,371,370,0.816667,0.848849,0.806667,0.844318,0.811667,0.846708
608,1200,1200,371,370,0.819167,0.858712,0.804167,0.835335,0.811667,0.846708
609,1200,1200,371,370,0.809167,0.846168,0.814167,0.847092,0.811667,0.846708
610,1200,1200,371,370,0.817500,0.832497,0.805833,0.860151,0.811667,0.846708
611,1200,1200,371,370,0.799167,0.834583,0.824167,0.858841,0.811667,0.846708
612,1200,1200,371,370,0.815833,0.849026,0.807500,0.844323,0.811667,0.846708
613,1200,1200,371,370,0.815833,0.845438,0.807500,0.848255,0.811667,0.846708
614,1200,1200,371,370,0.821667,0.848580,0.801667,0.844499,0.811667,0.846708
615,1200,1200,371,370,0.810000,0.844597,0.813333,0.848162,0.811667,0.846708
616,1200,1200,371,370,0.821667,0.853248,0.801667,0.839658,0.811667,0.846708
617,1200,1200,371,370,0.799167,0.841851,0.824167,0.851830,0.811667,0.846708
618,1200,1200,371,370,0.808333,0.847748,0.815000,0.845798,0.811667,0.846708
619,1200,1200,371,370,0.800000,0.833107,0.823333,0.860606,0.811667,0.846708
620,1200,1200,371,370,0.815833,0.850520,0.807500,0.842927,0.811667,0.846708
621,1200,1200,371,370,0.809167,0.847317,0.814167,0.845886,0.811667,0.846708
622,1200,1200,371,370,0.809167,0.826206,0.814167,0.865900,0.811667,0.846708
623,1200,1200,371,370,0.816667,0.849936,0.806667,0.844031,0.811667,0.846708
624,1200,1200,371,370,0.805833,0.839018,0.817500,0.854551,0.811667,0.846708
625,1200,1200,371,370,0.797500,0.838005,0.825833,0.855249,0.811667,0.846708
626,1200,1200,371,370,0.818333,0.852175,0.805000,0.841459,0.811667,0.846708
627,1200,1200,371,370,0.821667,0.862547,0.801667,0.830570,0.811667,0.846708
628,1200,1200,371,370,0.819167,0.842868,0.804167,0.850319,0.811667,0.846708
629,1200,1200,371,370,0.800000,0.840792,0.823333,0.852667,0.811667,0.846708
630,1200,1200,371,370,0.820833,0.853287,0.802500,0.840808,0.811667,0.846708
631,1200,1200,371,370,0.812500,0.844735,0.810833,0.848580,0.811667,0.846708
632,1200,1200,371,370,0.825000,0.858803,0.798333,0.834393,0.811667,0.846708
633,1200,1200,371,370,0.802500,0.841660,0.820833,0.852323,0.811667,0.846708
634,1200,1200,371,370,0.812500,0.850006,0.810833,0.843632,0.811667,0.846708
635,1200,1200,371,370,0.811667,0.848675,0.811667,0.845441,0.811667,0.846708
636,1200,1200,371,370,0.816667,0.849431,0.806667,0.843979,0.811667,0.846708
637,1200,1200,371,370,0.812500,0.851138,0.810833,0.842222,0.811667,0.846708
638,1200,1200,371,370,0.785833,0.824541,0.837500,0.869429,0.811667,0.846708
639,1200,1200,371,370,0.814167,0.848842,0.809167,0.844437,0.811667,0.846708
640,1200,1200,371,370,0.805833,0.846618,0.817500,0.847073,0.811667,0.846708
641,1200,1200,371,370,0.819167,0.852781,0.804167,0.840755,0.811667,0.846708
642,1200,1200,371,370,0.814167,0.852641,0.809167,0.840868,0.811667,0.846708
643,1200,1200,371,370,0.818333,0.848104,0.805000,0.845073,0.811667,0.846708
644,1200,1200,371,370,0.810000,0.836796,0.813333,0.856734,0.811667,0.846708
645,1200,1200,371,370,0.824167,0.860610,0.799167,0.832388,0.811667,0.846708
646,1200,1200,371,370,0.807500,0.851815,0.815833,0.841731,0.811667,0.846708
647,1200,1200,371,370,0.813333,0.850814,0.810000,0.842927,0.811667,0.846708
648,1200,1200,371,370,0.811667,0.854300,0.811667,0.839144,0.811667,0.846708
649,1200,1200,371,370,0.811667,0.841066,0.811667,0.852735,0.811667,0.846708
650,1200,1200,371,370,0.810833,0.840538,0.812500,0.852895,0.811667,0.846708
651,1200,1200,371,370,0.811667,0.851188,0.811667,0.841942,0.811667,0.846708
652,1200,1200,371,370,0.806667,0.840533,0.816667,0.853077,0.811667,0.846708
653,1200,1200,371,370,0.818333,0.852550,0.805000,0.841042,0.811667,0.846708
654,1200,1200,371,370,0.810000,0.846486,0.813333,0.847126,0.811667,0.846708
655,1200,1200,371,370,0.810833,0.841494,0.812500,0.851739,0.811667,0.846708
656,1200,1200,371,370,0.815000,0.852334,0.808333,0.841052,0.811667,0.846708
657,1200,1200,371,370,0.815000,0.857844,0.808333,0.835926,0.811667,0.846708
658,1200,1200,371,370,0.817500,0.859796,0.805833,0.834021,0.811667,0.846708
659,1200,1200,371,370,0.810833,0.847325,0.812500,0.846143,0.811667,0.846708
660,1200,1200,371,370,0.790833,0.825950,0.832500,0.867224,0.811667,0.846708
661,1200,1200,371,370,0.822500,0.861761,0.800833,0.831568,0.811667,0.846708
662,1200,1200,371,370,0.805000,0.839441,0.818333,0.853717,0.811667,0.846708
663,1200,1200,371,370,0.810833,0.846943,0.812500,0.846636,0.811667,0.846708
664,1200,1200,371,370,0.807500,0.839523,0.815833,0.854158,0.811667,0.846708
665,1200,1200,371,370,0.805833,0.837610,0.817500,0.855624,0.811667,0.846708
666,1200,1200,371,370,0.804167,0.841851,0.819167,0.852809,0.811667,0.846708
667,1200,1200,371,370,0.810000,0.841570,0.813333,0.852237,0.811667,0.846708
668,1200,1200,371,370,0.807500,0.845818,0.815833,0.847545,0.811667,0.846708
669,1200,1200,371,370,0.810000,0.842338,0.813333,0.851312,0.811667,0.846708
670,1200,1200,371,370,0.822500,0.856801,0.800833,0.837252,0.811667,0.846708
671,1200,1200,371,370,0.797500,0.841008,0.825833,0.852156,0.811667,0.846708
672,1200,1200,371,370,0.808333,0.845080,0.815000,0.848378,0.811667,0.846708
673,1200,1200,371,370,0.808333,0.851495,0.815000,0.842174,0.811667,0.846708
674,1200,1200,371,370,0.814167,0.851770,0.809167,0.842014,0.811667,0.846708
675,1200,1200,371,370,0.823333,0.858739,0.800000,0.835122,0.811667,0.846708
676,1200,1200,371,370,0.809167,0.847538,0.814167,0.845054,0.811667,0.846708
677,1200,1200,371,370,0.813333,0.848897,0.810000,0.845116,0.811667,0.846708
678,1200,1200,371,370,0.813333,0.844045,0.810000,0.849220,0.811667,0.846708
679,1200,1200,371,370,0.808333,0.853127,0.815000,0.840145,0.811667,0.846708
680,1200,1200,371,370,0.805833,0.832814,0.817500,0.860931,0.811667,0.846708
681,1200,1200,371,370,0.819167,0.845192,0.804167,0.847268,0.811667,0.846708
682,1200,1200,371,370,0.810000,0.842677,0.813333,0.850226,0.811667,0.846708
683,1200,1200,371,370,0.818333,0.844158,0.805000,0.849052,0.811667,0.846708
684,1200,1200,371,370,0.821667,0.856398,0.801667,0.836359,0.811667,0.846708
685,1200,1200,371,370,0.814167,0.867699,0.809167,0.825912,0.811667,0.846708
686,1200,1200,371,370,0.814167,0.853214,0.809167,0.840472,0.811667,0.846708
687,1200,1200,371,370,0.810000,0.848572,0.813333,0.845171,0.811667,0.846708
688,1200,1200,371,370,0.824167,0.861392,0.799167,0.831527,0.811667,0.846708
689,1200,1200,371,370,0.805000,0.841782,0.818333,0.851784,0.811667,0.846708
690,1200,1200,371,370,0.821667,0.841432,0.801667,0.852069,0.811667,0.846708
691,1200,1200,371,370,0.810833,0.851804,0.812500,0.841379,0.811667,0.846708
692,1200,1200,371,370,0.804167,0.840024,0.819167,0.853515,0.811667,0.846708
693,1200,1200,371,370,0.803333,0.840213,0.820000,0.852773,0.811667,0.846708
694,1200,1200,371,370,0.816667,0.855735,0.806667,0.837361,0.811667,0.846708
695,1200,1200,371,370,0.828333,0.862664,0.795000,0.830321,0.811667,0.846708
696,1200,1200,371,370,0.804167,0.832083,0.819167,0.861241,0.811667,0.846708
697,1200,1200,371,370,0.810000,0.839028,0.813333,0.854826,0.811667,0.846708
698,1200,1200,371,370,0.813333,0.842235,0.810000,0.851252,0.811667,0.846708
699,1200,1200,371,370,0.820000,0.851342,0.803333,0.842244,0.811667,0.846708
700,1200,1200,371,370,0.819167,0.858702,0.804167,0.835295,0.811667,0.846708
701,1200,1200,371,370,0.812500,0.847974,0.810833,0.845024,0.811667,0.846708
702,1200,1200,371,370,0.814167,0.855059,0.809167,0.839012,0.811667,0.846708
703,1200,1200,371,370,0.820000,0.849892,0.803333,0.843216,0.811667,0.846708
704,1200,1200,371,370,0.805000,0.841886,0.818333,0.852353,0.811667,0.846708
705,1200,1200,371,370,0.806667,0.842594,0.816667,0.851130,0.811667,0.846708
706,1200,1200,371,370,0.806667,0.850871,0.816667,0.842660,0.811667,0.846708
707,1200,1200,371,370,0.825000,0.856405,0.798333,0.836939,0.811667,0.846708
708,1200,1200,371,370,0.819167,0.859721,0.804167,0.834065,0.811667,0.846708
709,1200,1200,371,370,0.820000,0.849843,0.803333,0.843557,0.811667,0.846708
710,1200,1200,371,370,0.803333,0.835791,0.820000,0.857870,0.811667,0.846708
711,1200,1200,371,370,0.806667,0.845971,0.816667,0.847064,0.811667,0.846708
712,1200,1200,371,370,0.816667,0.855238,0.806667,0.837820,0.811667,0.846708
713,1200,1200,371,370,0.812500,0.841421,0.810833,0.852638,0.811667,0.846708
714,1200,1200,371,370,0.788333,0.832616,0.835000,0.860729,0.811667,0.846708
715,1200,1200,371,370,0.810833,0.847987,0.812500,0.845207,0.811667,0.846708
716,1200,1200,371,370,0.814167,0.845270,0.809167,0.847852,0.811667,0.846708
717,1200,1200,371,370,0.813333,0.846553,0.810000,0.847582,0.811667,0.846708
718,1200,1200,371,370,0.805833,0.833580,0.817500,0.859412,0.811667,0.846708
719,1200,1200,371,370,0.806667,0.837378,0.816667,0.855979,0.811667,0.846708
720,1200,1200,371,370,0.806667,0.834573,0.816667,0.858955,0.811667,0.846708
721,1200,1200,371,370,0.826667,0.860437,0.796667,0.833183,0.811667,0.846708
722,1200,1200,371,370,0.811667,0.846316,0.811667,0.847074,0.811667,0.846708
723,1200,1200,371,370,0.815833,0.855509,0.807500,0.837655,0.811667,0.846708
724,1200,1200,371,370,0.802500,0.841804,0.820833,0.851498,0.811667,0.846708
725,1200,1200,371,370,0.819167,0.861753,0.804167,0.831688,0.811667,0.846708
726,1200,1200,371,370,0.805000,0.843350,0.818333,0.850692,0.811667,0.846708
727,1200,1200,371,370,0.807500,0.853846,0.815833,0.840729,0.811667,0.846708
728,1200,1200,371,370,0.800833,0.849697,0.822500,0.843258,0.811667,0.846708
729,1200,1200,371,370,0.819167,0.859227,0.804167,0.835488,0.811667,0.846708
730,1200,1200,371,370,0.821667,0.852542,0.801667,0.840977,0.811667,0.846708
731,1200,1200,371,370,0.806667,0.837358,0.816667,0.856091,0.811667,0.846708
732,1200,1200,371,370,0.810000,0.847963,0.813333,0.845150,0.811667,0.846708
733,1200,1200,371,370,0.816667,0.862433,0.806667,0.830736,0.811667,0.846708
734,1200,1200,371,370,0.802500,0.834266,0.820833,0.858956,0.811667,0.846708
735,1200,1200,371,370,0.818333,0.857083,0.805000,0.836294,0.811667,0.846708
736,1200,1200,371,370,0.804167,0.840790,0.819167,0.852276,0.811667,0.846708
737,1200,1200,371,370,0.825000,0.857995,0.798333,0.835055,0.811667,0.846708
738,1200,1200,371,370,0.827500,0.855382,0.795833,0.838079,0.811667,0.846708
739,1200,1200,371,370,0.796667,0.827558,0.826667,0.866083,0.811667,0.846708
740,1200,1200,371,370,0.805833,0.838330,0.817500,0.853965,0.811667,0.846708
741,1200,1200,371,370,0.817500,0.844722,0.805833,0.848585,0.811667,0.846708
742,1200,1200,371,370,0.811667,0.843796,0.811667,0.850300,0.811667,0.846708
743,1200,1200,371,370,0.820000,0.859425,0.803333,0.832755,0.811667,0.846708
744,1200,1200,371,370,0.807500,0.846455,0.815833,0.847017,0.811667,0.846708
745,1200,1200,371,370,0.816667,0.856977,0.806667,0.836934,0.811667,0.846708
746,1200,1200,371,370,0.805833,0.835788,0.817500,0.857675,0.811667,0.846708
747,1200,1200,371,370,0.810000,0.847597,0.813333,0.846452,0.811667,0.846708
748,1200,1200,371,370,0.810833,0.840507,0.812500,0.853315,0.811667,0.846708
749,1200,1200,371,370,0.813333,0.853622,0.810000,0.839945,0.811667,0.846708
750,1200,1200,371,370,0.824167,0.856143,0.799167,0.837532,0.811667,0.846708
751,1200,1200,371,370,0.818333,0.849998,0.805000,0.844827,0.811667,0.846708
752,1200,1200,371,370,0.813333,0.845909,0.810000,0.846959,0.811667,0.846708
753,1200,1200,371,370,0.808333,0.833873,0.815000,0.859779,0.811667,0.846708
754,1200,1200,371,370,0.809167,0.850286,0.814167,0.842960,0.811667,0.846708
755,1200,1200,371,370,0.808333,0.845854,0.815000,0.847963,0.811667,0.846708
756,1200,1200,371,370,0.832500,0.854217,0.790833,0.838229,0.811667,0.846708
757,1200,1200,371,370,0.804167,0.846681,0.819167,0.846666,0.811667,0.846708
758,1200,1200,371,370,0.806667,0.844937,0.816667,0.848724,0.811667,0.846708
759,1200,1200,371,370,0.797500,0.837343,0.825833,0.855236,0.811667,0.846708
760,1200,1200,371,370,0.820000,0.854524,0.803333,0.839122,0.811667,0.846708
761,1200,1200,371,370,0.815000,0.841668,0.808333,0.850809,0.811667,0.846708
762,1200,1200,371,370,0.810000,0.840588,0.813333,0.853123,0.811667,0.846708
763,1200,1200,371,370,0.805000,0.840257,0.818333,0.853514,0.811667,0.846708
764,1200,1200,371,370,0.805000,0.838594,0.818333,0.854857,0.811667,0.846708
765,1200,1200,371,370,0.805000,0.837859,0.818333,0.855682,0.811667,0.846708
766,1200,1200,371,370,0.811667,0.841887,0.811667,0.851286,0.811667,0.846708
767,1200,1200,371,370,0.802500,0.836461,0.820833,0.857670,0.811667,0.846708
768,1200,1200,371,370,0.811667,0.852214,0.811667,0.841444,0.811667,0.846708
769,1200,1200,371,370,0.820833,0.858884,0.802500,0.834756,0.811667,0.846708
770,1200,1200,371,370,0.816667,0.847958,0.806667,0.845443,0.811667,0.846708
771,1200,1200,371,370,0.815000,0.855782,0.808333,0.838106,0.811667,0.846708
772,1200,1200,371,370,0.804167,0.851372,0.819167,0.842480,0.811667,0.846708
773,1200,1200,371,370,0.815000,0.854366,0.808333,0.838855,0.811667,0.846708
774,1200,1200,371,370,0.800000,0.839948,0.823333,0.853159,0.811667,0.846708
775,1200,1200,371,370,0.809167,0.847467,0.814167,0.846819,0.811667,0.846708
776,1200,1200,371,370,0.811667,0.848385,0.811667,0.845458,0.811667,0.846708
777,1200,1200,371,370,0.810000,0.839826,0.813333,0.854096,0.811667,0.846708
778,1200,1200,371,370,0.808333,0.838368,0.815000,0.855132,0.811667,0.846708
779,1200,1200,371,370,0.818333,0.849278,0.805000,0.843885,0.811667,0.846708
780,1200,1200,371,370,0.815833,0.843575,0.807500,0.849345,0.811667,0.846708
781,1200,1200,371,370,0.803333,0.834367,0.820000,0.860033,0.811667,0.846708
782,1200,1200,371,370,0.810000,0.848631,0.813333,0.845156,0.811667,0.846708
783,1200,1200,371,370,0.814167,0.849305,0.809167,0.844437,0.811667,0.846708
784,1200,1200,371,370,0.805833,0.845322,0.817500,0.847942,0.811667,0.846708
785,1200,1200,371,370,0.809167,0.842754,0.814167,0.850436,0.811667,0.846708
786,1200,1200,371,370,0.804167,0.842110,0.819167,0.851039,0.811667,0.846708
787,1200,1200,371,370,0.816667,0.844100,0.806667,0.849313,0.811667,0.846708
788,1200,1200,371,370,0.823333,0.858053,0.800000,0.835231,0.811667,0.846708
789,1200,1200,371,370,0.806667,0.834863,0.816667,0.858403,0.811667,0.846708
790,1200,1200,371,370,0.810833,0.848127,0.812500,0.845409,0.811667,0.846708
791,1200,1200,371,370,0.805000,0.842962,0.818333,0.850586,0.811667,0.846708
792,1200,1200,371,370,0.810000,0.844365,0.813333,0.848610,0.811667,0.846708
793,1200,1200,371,370,0.800833,0.838064,0.822500,0.854993,0.811667,0.846708
794,1200,1200,371,370,0.808333,0.837090,0.815000,0.856732,0.811667,0.846708
795,1200,1200,371,370,0.809167,0.844618,0.814167,0.848684,0.811667,0.846708
796,1200,1200,371,370,0.830833,0.867697,0.792500,0.825239,0.811667,0.846708
797,1200,1200,371,370,0.809167,0.851549,0.814167,0.841469,0.811667,0.846708
798,1200,1200,371,370,0.798333,0.834328,0.825000,0.859547,0.811667,0.846708
799,1200,1200,371,370,0.806667,0.830672,0.816667,0.862670,0.811667,0.846708
800,1200,1200,371,370,0.806667,0.834446,0.816667,0.858313,0.811667,0.846708
801,1200,1200,371,370,0.821667,0.863273,0.801667,0.829354,0.811667,0.846708
802,1200,1200,371,370,0.804167,0.838426,0.819167,0.854930,0.811667,0.846708
803,1200,1200,371,370,0.805000,0.842076,0.818333,0.851587,0.811667,0.846708
804,1200,1200,371,370,0.813333,0.845781,0.810000,0.847426,0.811667,0.846708
805,1200,1200,371,370,0.811667,0.848091,0.811667,0.845096,0.811667,0.846708
806,1200,1200,371,370,0.816667,0.851424,0.806667,0.842294,0.811667,0.846708
807,1200,1200,371,370,0.820833,0.861843,0.802500,0.831951,0.811667,0.846708
808,1200,1200,371,370,0.804167,0.830771,0.819167,0.862597,0.811667,0.846708
809,1200,1200,371,370,0.819167,0.862865,0.804167,0.828974,0.811667,0.846708
810,1200,1200,371,370,0.811667,0.839806,0.811667,0.853750,0.811667,0.846708
811,1200,1200,371,370,0.808333,0.845103,0.815000,0.848505,0.811667,0.846708
812,1200,1200,371,370,0.798333,0.838221,0.825000,0.854451,0.811667,0.846708
813,1200,1200,371,370,0.805000,0.830956,0.818333,0.862918,0.811667,0.846708
814,1200,1200,371,370,0.821667,0.857904,0.801667,0.835534,0.811667,0.846708
815,1200,1200,371,370,0.817500,0.848237,0.805833,0.846081,0.811667,0.846708
816,1200,1200,371,370,0.808333,0.846366,0.815000,0.847309,0.811667,0.846708
817,1200,1200,371,370,0.809167,0.845142,0.814167,0.848575,0.811667,0.846708
818,1200,1200,371,370,0.805833,0.846561,0.817500,0.847187,0.811667,0.846708
819,1200,1200,371,370,0.811667,0.841749,0.811667,0.851381,0.811667,0.846708
820,1200,1200,371,370,0.812500,0.854716,0.810833,0.838553,0.811667,0.846708
821,1200,1200,371,370,0.810833,0.843033,0.812500,0.850189,0.811667,0.846708
822,1200,1200,371,370,0.821667,0.859068,0.801667,0.835073,0.811667,0.846708
823,1200,1200,371,370,0.808333,0.843225,0.815000,0.850010,0.811667,0.846708
824,1200,1200,371,370,0.822500,0.857816,0.800833,0.834937,0.811667,0.846708
825,1200,1200,371,370,0.814167,0.850248,0.809167,0.843222,0.811667,0.846708
826,1200,1200,371,370,0.797500,0.834334,0.825833,0.858312,0.811667,0.846708
827,1200,1200,371,370,0.813333,0.841172,0.810000,0.852258,0.811667,0.846708
828,1200,1200,371,370,0.825833,0.862703,0.797500,0.829950,0.811667,0.846708
829,1200,1200,371,370,0.811667,0.843910,0.811667,0.849256,0.811667,0.846708
830,1200,1200,371,370,0.800833,0.836266,0.822500,0.857056,0.811667,0.846708
831,1200,1200,371,370,0.805000,0.848686,0.818333,0.844979,0.811667,0.846708
832,1200,1200,371,370,0.800833,0.835888,0.822500,0.857600,0.811667,0.846708
833,1200,1200,371,370,0.808333,0.837062,0.815000,0.856211,0.811667,0.846708
834,1200,1200,371,370,0.816667,0.858206,0.806667,0.835334,0.811667,0.846708
835,1200,1200,371,370,0.815000,0.840956,0.808333,0.852367,0.811667,0.846708
836,1200,1200,371,370,0.820000,0.858156,0.803333,0.836247,0.811667,0.846708
837,1200,1200,371,370,0.820833,0.850141,0.802500,0.843220,0.811667,0.846708
838,1200,1200,371,370,0.821667,0.851497,0.801667,0.841377,0.811667,0.846708
839,1200,1200,371,370,0.810000,0.841923,0.813333,0.851358,0.811667,0.846708
840,1200,1200,371,370,0.805000,0.832843,0.818333,0.860622,0.811667,0.846708
841,1200,1200,371,370,0.807500,0.843625,0.815833,0.849876,0.811667,0.846708
842,1200,1200,371,370,0.800833,0.844643,0.822500,0.849168,0.811667,0.846708
843,1200,1200,371,370,0.810000,0.835202,0.813333,0.858015,0.811667,0.846708
844,1200,1200,371,370,0.806667,0.834194,0.816667,0.857905,0.811667,0.846708
845,1200,1200,371,370,0.814167,0.859499,0.809167,0.833781,0.811667,0.846708
846,1200,1200,371,370,0.795000,0.828535,0.828333,0.864917,0.811667,0.846708
847,1200,1200,371,370,0.802500,0.834102,0.820833,0.859305,0.811667,0.846708
848,1200,1200,371,370,0.810000,0.834126,0.813333,0.858520,0.811667,0.846708
849,1200,1200,371,370,0.816667,0.853459,0.806667,0.839726,0.811667,0.846708
850,1200,1200,371,370,0.815000,0.853316,0.808333,0.839787,0.811667,0.846708
851,1200,1200,371,370,0.806667,0.841045,0.816667,0.852478,0.811667,0.846708
852,1200,1200,371,370,0.797500,0.828743,0.825833,0.863852,0.811667,0.846708
853,1200,1200,371,370,0.815833,0.855124,0.807500,0.838697,0.811667,0.846708
854,1200,1200,371,370,0.814167,0.838208,0.809167,0.855484,0.811667,0.846708
855,1200,1200,371,370,0.800833,0.837560,0.822500,0.856022,0.811667,0.846708
856,1200,1200,371,370,0.815000,0.858282,0.808333,0.835230,0.811667,0.846708
857,1200,1200,371,370,0.814167,0.839730,0.809167,0.853943,0.811667,0.846708
858,1200,1200,371,370,0.815833,0.856623,0.807500,0.838225,0.811667,0.846708
859,1200,1200,371,370,0.811667,0.841131,0.811667,0.852141,0.811667,0.846708
860,1200,1200,371,370,0.815833,0.850495,0.807500,0.842686,0.811667,0.846708
861,1200,1200,371,370,0.810000,0.837974,0.813333,0.856101,0.811667,0.846708
862,1200,1200,371,370,0.808333,0.848705,0.815000,0.844691,0.811667,0.846708
863,1200,1200,371,370,0.802500,0.841686,0.820833,0.851936,0.811667,0.846708
864,1200,1200,371,370,0.817500,0.847980,0.805833,0.845331,0.811667,0.846708
865,1200,1200,371,370,0.805833,0.844085,0.817500,0.849907,0.811667,0.846708
866,1200,1200,371,370,0.820833,0.857253,0.802500,0.836503,0.811667,0.846708
867,1200,1200,371,370,0.816667,0.849182,0.806667,0.844308,0.811667,0.846708
868,1200,1200,371,370,0.812500,0.848361,0.810833,0.844979,0.811667,0.846708
869,1200,1200,371,370,0.816667,0.848097,0.806667,0.845684,0.811667,0.846708
870,1200,1200,371,370,0.815000,0.857226,0.808333,0.835969,0.811667,0.846708
871,1200,1200,371,370,0.808333,0.845402,0.815000,0.847385,0.811667,0.846708
872,1200,1200,371,370,0.798333,0.833807,0.825000,0.859334,0.811667,0.846708
873,1200,1200,371,370,0.802500,0.825928,0.820833,0.867722,0.811667,0.846708
874,1200,1200,371,370,0.797500,0.828635,0.825833,0.862763,0.811667,0.846708
875,1200,1200,371,370,0.814167,0.851858,0.809167,0.841410,0.811667,0.846708
876,1200,1200,371,370,0.810833,0.842069,0.812500,0.852343,0.811667,0.846708
877,1200,1200,371,370,0.804167,0.835501,0.819167,0.858017,0.811667,0.846708
878,1200,1200,371,370,0.805000,0.838844,0.818333,0.854196,0.811667,0.846708
879,1200,1200,371,370,0.810000,0.856740,0.813333,0.836747,0.811667,0.846708
880,1200,1200,371,370,0.810833,0.847158,0.812500,0.846272,0.811667,0.846708
881,1200,1200,371,370,0.815833,0.849073,0.807500,0.844735,0.811667,0.846708
882,1200,1200,371,370,0.820000,0.859869,0.803333,0.832318,0.811667,0.846708
883,1200,1200,371,370,0.809167,0.841598,0.814167,0.850936,0.811667,0.846708
884,1200,1200,371,370,0.801667,0.835584,0.821667,0.857599,0.811667,0.846708
885,1200,1200,371,370,0.809167,0.846836,0.814167,0.847250,0.811667,0.846708
886,1200,1200,371,370,0.820000,0.861776,0.803333,0.831477,0.811667,0.846708
887,1200,1200,371,370,0.809167,0.848640,0.814167,0.844549,0.811667,0.846708
888,1200,1200,371,370,0.815833,0.844412,0.807500,0.848491,0.811667,0.846708
889,1200,1200,371,370,0.818333,0.852953,0.805000,0.840806,0.811667,0.846708
890,1200,1200,371,370,0.807500,0.833530,0.815833,0.859433,0.811667,0.846708
891,1200,1200,371,370,0.819167,0.846885,0.804167,0.847121,0.811667,0.846708
892,1200,1200,371,370,0.812500,0.852388,0.810833,0.841413,0.811667,0.846708
893,1200,1200,371,370,0.817500,0.845158,0.805833,0.848017,0.811667,0.846708
894,1200,1200,371,370,0.806667,0.846316,0.816667,0.846993,0.811667,0.846708
895,1200,1200,371,370,0.822500,0.855699,0.800833,0.837187,0.811667,0.846708
896,1200,1200,371,370,0.805000,0.838385,0.818333,0.855650,0.811667,0.846708
897,1200,1200,371,370,0.818333,0.851863,0.805000,0.841547,0.811667,0.846708
898,1200,1200,371,370,0.813333,0.845480,0.810000,0.847644,0.811667,0.846708
899,1200,1200,371,370,0.793333,0.826667,0.830000,0.866153,0.811667,0.846708
900,1200,1200,371,370,0.811667,0.842377,0.811667,0.851065,0.811667,0.846708
901,1200,1200,371,370,0.820000,0.861402,0.803333,0.832133,0.811667,0.846708
902,1200,1200,371,370,0.800000,0.834360,0.823333,0.859383,0.811667,0.846708
903,1200,1200,371,370,0.816667,0.860373,0.806667,0.833178,0.811667,0.846708
904,1200,1200,371,370,0.808333,0.834887,0.815000,0.858445,0.811667,0.846708
905,1200,1200,371,370,0.809167,0.840109,0.814167,0.853390,0.811667,0.846708
906,1200,1200,371,370,0.814167,0.853620,0.809167,0.839691,0.811667,0.846708
907,1200,1200,371,370,0.800000,0.841825,0.823333,0.852188,0.811667,0.846708
908,1200,1200,371,370,0.805000,0.836839,0.818333,0.856724,0.811667,0.846708
909,1200,1200,371,370,0.822500,0.853027,0.800833,0.839906,0.811667,0.846708
910,1200,1200,371,370,0.816667,0.853459,0.806667,0.839922,0.811667,0.846708
911,1200,1200,371,370,0.820833,0.859580,0.802500,0.833362,0.811667,0.846708
912,1200,1200,371,370,0.800000,0.833336,0.823333,0.860884,0.811667,0.846708
913,1200,1200,371,370,0.820000,0.861948,0.803333,0.831263,0.811667,0.846708
914,1200,1200,371,370,0.803333,0.832494,0.820000,0.861177,0.811667,0.846708
915,1200,1200,371,370,0.811667,0.849575,0.811667,0.843199,0.811667,0.846708
916,1200,1200,371,370,0.800833,0.842671,0.822500,0.851153,0.811667,0.846708
917,1200,1200,371,370,0.812500,0.850230,0.810833,0.843053,0.811667,0.846708
918,1200,1200,371,370,0.800000,0.833817,0.823333,0.859632,0.811667,0.846708
919,1200,1200,371,370,0.820000,0.846742,0.803333,0.846565,0.811667,0.846708
920,1200,1200,371,370,0.810833,0.839831,0.812500,0.853585,0.811667,0.846708
921,1200,1200,371,370,0.820833,0.853046,0.802500,0.840270,0.811667,0.846708
922,1200,1200,371,370,0.809167,0.845168,0.814167,0.848248,0.811667,0.846708
923,1200,1200,371,370,0.810000,0.846091,0.813333,0.847587,0.811667,0.846708
924,1200,1200,371,370,0.810000,0.850383,0.813333,0.843303,0.811667,0.846708
925,1200,1200,371,370,0.811667,0.843581,0.811667,0.850073,0.811667,0.846708
926,1200,1200,371,370,0.804167,0.846917,0.819167,0.846661,0.811667,0.846708
927,1200,1200,371,370,0.815000,0.853937,0.808333,0.839484,0.811667,0.846708
928,1200,1200,371,370,0.820000,0.849339,0.803333,0.843921,0.811667,0.846708
929,1200,1200,371,370,0.801667,0.833768,0.821667,0.859429,0.811667,0.846708
930,1200,1200,371,370,0.802500,0.838811,0.820833,0.854461,0.811667,0.846708
931,1200,1200,371,370,0.813333,0.850035,0.810000,0.843893,0.811667,0.846708
932,1200,1200,371,370,0.817500,0.863527,0.805833,0.830576,0.811667,0.846708
933,1200,1200,371,370,0.813333,0.848567,0.810000,0.844881,0.811667,0.846708
934,1200,1200,371,370,0.811667,0.846972,0.811667,0.846656,0.811667,0.846708
935,1200,1200,371,370,0.815833,0.852090,0.807500,0.841373,0.811667,0.846708
936,1200,1200,371,370,0.814167,0.849388,0.809167,0.844062,0.811667,0.846708
937,1200,1200,371,370,0.810000,0.850464,0.813333,0.842436,0.811667,0.846708
938,1200,1200,371,370,0.815833,0.854620,0.807500,0.839041,0.811667,0.846708
939,1200,1200,371,370,0.813333,0.852927,0.810000,0.840267,0.811667,0.846708
940,1200,1200,371,370,0.811667,0.849866,0.811667,0.843334,0.811667,0.846708
941,1200,1200,371,370,0.795000,0.829223,0.828333,0.864811,0.811667,0.846708
942,1200,1200,371,370,0.812500,0.847005,0.810833,0.846156,0.811667,0.846708
943,1200,1200,371,370,0.795833,0.837225,0.827500,0.855428,0.811667,0.846708
944,1200,1200,371,370,0.805833,0.843589,0.817500,0.849953,0.811667,0.846708
945,1200,1200,371,370,0.821667,0.848187,0.801667,0.845995,0.811667,0.846708
946,1200,1200,371,370,0.829167,0.866413,0.794167,0.826745,0.811667,0.846708
947,1200,1200,371,370,0.808333,0.834884,0.815000,0.858610,0.811667,0.846708
948,1200,1200,371,370,0.795000,0.827342,0.828333,0.865109,0.811667,0.846708
949,1200,1200,371,370,0.833333,0.862330,0.790000,0.830059,0.811667,0.846708
950,1200,1200,371,370,0.801667,0.833199,0.821667,0.860617,0.811667,0.846708
951,1200,1200,371,370,0.801667,0.840896,0.821667,0.852913,0.811667,0.846708
952,1200,1200,371,370,0.807500,0.839154,0.815833,0.854399,0.811667,0.846708
953,1200,1200,371,370,0.819167,0.853417,0.804167,0.839982,0.811667,0.846708
954,1200,1200,371,370,0.804167,0.843072,0.819167,0.850295,0.811667,0.846708
955,1200,1200,371,370,0.818333,0.855881,0.805000,0.837642,0.811667,0.846708
956,1200,1200,371,370,0.815000,0.848988,0.808333,0.844881,0.811667,0.846708
957,1200,1200,371,370,0.809167,0.846966,0.814167,0.846672,0.811667,0.846708
958,1200,1200,371,370,0.818333,0.849739,0.805000,0.843792,0.811667,0.846708
959,1200,1200,371,370,0.810833,0.844909,0.812500,0.848605,0.811667,0.846708
960,1200,1200,371,370,0.801667,0.838980,0.821667,0.854008,0.811667,0.846708
961,1200,1200,371,370,0.808333,0.840974,0.815000,0.852540,0.811667,0.846708
962,1200,1200,371,370,0.808333,0.837495,0.815000,0.856640,0.811667,0.846708
963,1200,1200,371,370,0.805000,0.834650,0.818333,0.858935,0.811667,0.846708
964,1200,1200,371,370,0.809167,0.846985,0.814167,0.846366,0.811667,0.846708
965,1200,1200,371,370,0.814167,0.847623,0.809167,0.846058,0.811667,0.846708
966,1200,1200,371,370,0.810833,0.846238,0.812500,0.846820,0.811667,0.846708
967,1200,1200,371,370,0.805000,0.836921,0.818333,0.856578,0.811667,0.846708
968,1200,1200,371,370,0.821667,0.853675,0.801667,0.839831,0.811667,0.846708
969,1200,1200,371,370,0.811667,0.841708,0.811667,0.851957,0.811667,0.846708
970,1200,1200,371,370,0.806667,0.842690,0.816667,0.850747,0.811667,0.846708
971,1200,1200,371,370,0.813333,0.841487,0.810000,0.852027,0.811667,0.846708
972,1200,1200,371,370,0.815833,0.858074,0.807500,0.836711,0.811667,0.846708
973,1200,1200,371,370,0.813333,0.855569,0.810000,0.837235,0.811667,0.846708
974,1200,1200,371,370,0.825000,0.853558,0.798333,0.839222,0.811667,0.846708
975,1200,1200,371,370,0.806667,0.843017,0.816667,0.850449,0.811667,0.846708
976,1200,1200,371,370,0.818333,0.851385,0.805000,0.842362,0.811667,0.846708
977,1200,1200,371,370,0.823333,0.861324,0.800000,0.832117,0.811667,0.846708
978,1200,1200,371,370,0.808333,0.830268,0.815000,0.863382,0.811667,0.846708
979,1200,1200,371,370,0.809167,0.843680,0.814167,0.849971,0.811667,0.846708
980,1200,1200,371,370,0.807500,0.846956,0.815833,0.847108,0.811667,0.846708
981,1200,1200,371,370,0.813333,0.850981,0.810000,0.842768,0.811667,0.846708
982,1200,1200,371,370,0.815000,0.839988,0.808333,0.853170,0.811667,0.846708
983,1200,1200,371,370,0.808333,0.851871,0.815000,0.841013,0.811667,0.846708
984,1200,1200,371,370,0.808333,0.840427,0.815000,0.852502,0.811667,0.846708
985,1200,1200,371,370,0.811667,0.850372,0.811667,0.843051,0.811667,0.846708
986,1200,1200,371,370,0.814167,0.839023,0.809167,0.854308,0.811667,0.846708
987,1200,1200,371,370,0.797500,0.839158,0.825833,0.855145,0.811667,0.846708
988,1200,1200,371,370,0.811667,0.851682,0.811667,0.841604,0.811667,0.846708
989,1200,1200,371,370,0.813333,0.839358,0.810000,0.853548,0.811667,0.846708
990,1200,1200,371,370,0.811667,0.845765,0.811667,0.848053,0.811667,0.846708
991,1200,1200,371,370,0.810000,0.848395,0.813333,0.844557,0.811667,0.846708
992,1200,1200,371,370,0.821667,0.846007,0.801667,0.847725,0.811667,0.846708
993,1200,1200,371,370,0.793333,0.833167,0.830000,0.860711,0.811667,0.846708
994,1200,1200,371,370,0.800833,0.829511,0.822500,0.864135,0.811667,0.846708
995,1200,1200,371,370,0.815833,0.852067,0.807500,0.841851,0.811667,0.846708
996,1200,1200,371,370,0.817500,0.858112,0.805833,0.835376,0.811667,0.846708
997,1200,1200,371,370,0.805000,0.847311,0.818333,0.846154,0.811667,0.846708
998,1200,1200,371,370,0.803333,0.832687,0.820000,0.860257,0.811667,0.846708
999,1200,1200,371,370,0.808333,0.839119,0.815000,0.853268,0.811667,0.846708
